{"Afghanistan": 0.3952569169960474, "Albania": 0.7905138339920948, "Algeria": 1.1857707509881423, "American Samoa": 1.5810276679841897, "Andorra": 1.976284584980237, "Angola": 2.3715415019762847, "Antigua and Barbuda": 2.766798418972332, "Argentina": 3.1620553359683794, "Armenia": 3.5573122529644268, "Aruba": 3.952569169960474, "Australia": 4.3478260869565215, "Austria": 4.743083003952569, "Azerbaijan": 5.138339920948616, "Bahamas, The": 5.533596837944664, "Bahrain": 5.928853754940712, "Bangladesh": 6.324110671936759, "Barbados": 6.719367588932807, "Belarus": 7.1146245059288535, "Belgium": 7.509881422924901, "Belize": 7.905138339920948, "Benin": 8.300395256916996, "Bermuda": 8.695652173913043, "Bhutan": 9.090909090909092, "Bolivia": 9.486166007905139, "Bosnia and Herzegovina": 9.881422924901186, "Botswana": 10.276679841897232, "Brazil": 10.671936758893281, "British Virgin Islands": 11.067193675889328, "Brunei Darussalam": 11.462450592885375, "Bulgaria": 11.857707509881424, "Burkina Faso": 12.25296442687747, "Burundi": 12.648221343873518, "Cabo Verde": 13.043478260869565, "Cambodia": 13.438735177865613, "Cameroon": 13.83399209486166, "Canada": 14.229249011857707, "Cayman Islands": 14.624505928853756, "Central African Republic": 15.019762845849803, "Chad": 15.41501976284585, "Chile": 15.810276679841897, "China": 16.205533596837945, "Colombia": 16.600790513833992, "Comoros": 16.99604743083004, "Congo, Dem. Rep.": 17.391304347826086, "Congo, Rep.": 17.786561264822133, "Costa Rica": 18.181818181818183, "Cote d'Ivoire": 18.57707509881423, "Croatia": 18.972332015810277, "Cuba": 19.367588932806324, "Curacao": 19.76284584980237, "Cyprus": 20.158102766798418, "Czechia": 20.553359683794465, "Denmark": 20.948616600790515, "Djibouti": 21.343873517786562, "Dominica": 21.73913043478261, "Dominican Republic": 22.134387351778656, "Ecuador": 22.529644268774703, "Egypt, Arab Rep.": 22.92490118577075, "El Salvador": 23.320158102766797, "Equatorial Guinea": 23.715415019762847, "Eritrea": 24.110671936758894, "Estonia": 24.50592885375494, "Eswatini": 24.90118577075099, "Ethiopia": 25.296442687747035, "Faroe Islands": 25.691699604743082, "Fiji": 26.08695652173913, "Finland": 26.48221343873518, "France": 26.877470355731226, "French Polynesia": 27.272727272727273, "Gabon": 27.66798418972332, "Gambia, The": 28.063241106719367, "Georgia": 28.458498023715414, "Germany": 28.85375494071146, "Ghana": 29.64426877470356, "Greece": 29.64426877470356, "Greenland": 30.039525691699605, "Grenada": 30.434782608695652, "Guam": 30.8300395256917, "Guatemala": 31.225296442687746, "Guinea": 31.620553359683793, "Guinea-Bissau": 32.015810276679844, "Guyana": 32.41106719367589, "Haiti": 32.80632411067194, "Honduras": 33.201581027667984, "Hungary": 33.59683794466403, "Iceland": 33.99209486166008, "India": 34.387351778656125, "Indonesia": 34.78260869565217, "Iran, Islamic Rep.": 35.17786561264822, "Iraq": 35.573122529644266, "Ireland": 35.96837944664031, "Isle of Man": 36.36363636363637, "Israel": 36.758893280632414, "Italy": 37.15415019762846, "Jamaica": 37.54940711462451, "Japan": 37.944664031620555, "Jordan": 38.3399209486166, "Kazakhstan": 38.73517786561265, "Kenya": 39.130434782608695, "Kiribati": 39.52569169960474, "Korea, Dem. People's Rep.": 39.92094861660079, "Korea, Rep.": 40.316205533596836, "Kuwait": 40.71146245059288, "Kyrgyz Republic": 41.10671936758893, "Lao PDR": 41.50197628458498, "Latvia": 41.89723320158103, "Lebanon": 42.29249011857708, "Lesotho": 42.687747035573125, "Liberia": 43.08300395256917, "Libya": 43.47826086956522, "Liechtenstein": 43.873517786561266, "Lithuania": 44.26877470355731, "Luxembourg": 44.66403162055336, "Madagascar": 45.059288537549406, "Malawi": 45.45454545454545, "Malaysia": 45.8498023715415, "Maldives": 46.24505928853755, "Mali": 46.640316205533594, "Malta": 47.03557312252964, "Marshall Islands": 47.430830039525695, "Mauritania": 47.82608695652174, "Mauritius": 48.22134387351779, "Mexico": 48.616600790513836, "Micronesia, Fed. Sts.": 49.01185770750988, "Moldova": 49.40711462450593, "Mongolia": 49.80237154150198, "Montenegro": 50.19762845849802, "Morocco": 50.59288537549407, "Mozambique": 50.98814229249012, "Myanmar": 51.383399209486164, "Namibia": 51.77865612648221, "Nepal": 52.17391304347826, "Netherlands": 52.569169960474305, "New Caledonia": 52.96442687747036, "New Zealand": 53.359683794466406, "Nicaragua": 53.75494071146245, "Niger": 54.1501976284585, "Nigeria": 54.54545454545455, "North Macedonia": 54.940711462450594, "Northern Mariana Islands": 55.33596837944664, "Norway": 55.73122529644269, "Oman": 56.126482213438734, "Pakistan": 56.52173913043478, "Palau": 56.91699604743083, "Panama": 57.312252964426875, "Papua New Guinea": 57.70750988142292, "Paraguay": 58.10276679841897, "Peru": 58.49802371541502, "Philippines": 58.89328063241107, "Poland": 59.28853754940712, "Portugal": 59.683794466403164, "Puerto Rico": 60.07905138339921, "Romania": 60.47430830039526, "Russian Federation": 60.869565217391305, "Rwanda": 61.26482213438735, "Samoa": 61.6600790513834, "San Marino": 62.055335968379445, "Sao Tome and Principe": 62.45059288537549, "Saudi Arabia": 62.84584980237154, "Senegal": 63.241106719367586, "Serbia": 63.63636363636363, "Seychelles": 64.03162055335969, "Sierra Leone": 64.42687747035573, "Singapore": 64.82213438735178, "Slovak Republic": 65.21739130434783, "Slovenia": 65.61264822134387, "Solomon Islands": 66.00790513833992, "Somalia": 66.40316205533597, "South Africa": 66.79841897233202, "Spain": 67.19367588932806, "Sri Lanka": 67.58893280632411, "St. Kitts and Nevis": 67.98418972332016, "St. Lucia": 68.3794466403162, "St. Vincent and the Grenadines": 68.77470355731225, "Sudan": 69.1699604743083, "Suriname": 69.56521739130434, "Sweden": 69.96047430830039, "Switzerland": 70.35573122529644, "Syrian Arab Republic": 70.75098814229248, "Tajikistan": 71.14624505928853, "Tanzania": 71.54150197628458, "Thailand": 71.93675889328063, "Timor-Leste": 72.33201581027669, "Togo": 72.72727272727273, "Tonga": 73.12252964426878, "Trinidad and Tobago": 73.51778656126483, "Tunisia": 73.91304347826087, "Turkiye": 74.30830039525692, "Turkmenistan": 74.70355731225297, "Turks and Caicos Islands": 75.09881422924902, "Tuvalu": 75.49407114624506, "Uganda": 75.88932806324111, "Ukraine": 76.28458498023716, "United Arab Emirates": 76.6798418972332, "United Kingdom": 77.07509881422925, "United States": 77.4703557312253, "Uruguay": 77.86561264822134, "Uzbekistan": 78.26086956521739, "Vanuatu": 78.65612648221344, "Venezuela, RB": 79.05138339920948, "Vietnam": 79.44664031620553, "Virgin Islands (U.S.)": 79.84189723320158, "West Bank and Gaza": 80.23715415019763, "Yemen, Rep.": 80.63241106719367, "Zambia": 81.02766798418972, "Zimbabwe": 81.42292490118577, "Africa Eastern and Southern": 81.81818181818181, "Africa Western and Central": 82.21343873517786, "Arab World": 82.6086956521739, "Caribbean small states": 83.00395256916995, "Central Europe and the Baltics": 83.39920948616601, "Early-demographic dividend": 83.79446640316206, "East Asia & Pacific": 84.18972332015811, "East Asia & Pacific (excluding high income)": 84.58498023715416, "East Asia & Pacific (IDA & IBRD countries)": 84.9802371541502, "Euro area": 85.37549407114625, "Europe & Central Asia": 85.7707509881423, "Europe & Central Asia (excluding high income)": 86.16600790513834, "Europe & Central Asia (IDA & IBRD countries)": 86.56126482213439, "European Union": 86.95652173913044, "Fragile and conflict affected situations": 87.35177865612648, "Heavily indebted poor countries (HIPC)": 87.74703557312253, "High income": 88.14229249011858, "IBRD only": 88.53754940711462, "IDA & IBRD total": 88.93280632411067, "IDA blend": 89.32806324110672, "IDA only": 89.72332015810277, "IDA total": 90.11857707509881, "Late-demographic dividend": 90.51383399209486, "Latin America & Caribbean": 90.9090909090909, "Latin America & Caribbean (excluding high income)": 91.30434782608695,